"analysis","drug","position","n_missed","cyp","weight","regimen","delay","scattered","challenge_pack","N","n_esc","escape_prob","escape_lo","escape_hi"
"main","LNG","start",0,"normal",70,"21/7",NA,FALSE,2,600,10,0.0166666666666667,0.00907763185432056,0.0304055703629497
"main","LNG","start",1,"normal",70,"21/7",NA,FALSE,2,600,19,0.0316666666666667,0.020364748182018,0.0489275960354059
"main","LNG","start",2,"normal",70,"21/7",NA,FALSE,2,600,29,0.0483333333333333,0.0338606799133779,0.0685529331931056
"main","LNG","start",3,"normal",70,"21/7",NA,FALSE,2,600,64,0.106666666666667,0.0844206258311507,0.133917428387042
"main","LNG","start",4,"normal",70,"21/7",NA,FALSE,2,600,103,0.171666666666667,0.143605667646266,0.203905335239259
"main","LNG","start",5,"normal",70,"21/7",NA,FALSE,2,600,158,0.263333333333333,0.229676349033064,0.300001632742288
"main","LNG","start",6,"normal",70,"21/7",NA,FALSE,2,600,221,0.368333333333333,0.330688604722061,0.407653371054367
"main","LNG","start",7,"normal",70,"21/7",NA,FALSE,2,600,288,0.48,0.440278088758447,0.519976388574682
"main","LNG","mid",0,"normal",70,"21/7",NA,FALSE,2,600,10,0.0166666666666667,0.00907763185432056,0.0304055703629497
"main","LNG","mid",1,"normal",70,"21/7",NA,FALSE,2,600,15,0.025,0.0152077029716296,0.0408361336901705
"main","LNG","mid",2,"normal",70,"21/7",NA,FALSE,2,600,24,0.04,0.0270248359701591,0.0588281426917947
"main","LNG","mid",3,"normal",70,"21/7",NA,FALSE,2,600,45,0.075,0.0565219951087372,0.0988856482202418
"main","LNG","mid",4,"normal",70,"21/7",NA,FALSE,2,600,68,0.113333333333333,0.0903894435133259,0.14119711826049
"main","LNG","mid",5,"normal",70,"21/7",NA,FALSE,2,600,98,0.163333333333333,0.135912013575303,0.195038354865692
"main","LNG","mid",6,"normal",70,"21/7",NA,FALSE,2,600,139,0.231666666666667,0.199679264895936,0.267068305990203
"main","LNG","mid",7,"normal",70,"21/7",NA,FALSE,2,600,178,0.296666666666667,0.261503077821193,0.33441744173228
"main","LNG","late",0,"normal",70,"21/7",NA,FALSE,2,600,10,0.0166666666666667,0.00907763185432056,0.0304055703629497
"main","LNG","late",1,"normal",70,"21/7",NA,FALSE,2,600,16,0.0266666666666667,0.0164796662531012,0.0428762972976048
"main","LNG","late",2,"normal",70,"21/7",NA,FALSE,2,600,30,0.05,0.0352450421601405,0.0704806978352491
"main","LNG","late",3,"normal",70,"21/7",NA,FALSE,2,600,59,0.0983333333333333,0.0770013973745132,0.124776022399149
"main","LNG","late",4,"normal",70,"21/7",NA,FALSE,2,600,96,0.16,0.132842029785967,0.191484084877216
"main","LNG","late",5,"normal",70,"21/7",NA,FALSE,2,600,150,0.25,0.217016039934233,0.286164926729872
"main","LNG","late",6,"normal",70,"21/7",NA,FALSE,2,600,221,0.368333333333333,0.330688604722061,0.407653371054367
"main","LNG","late",7,"normal",70,"21/7",NA,FALSE,2,600,408,0.68,0.641630289462748,0.716079414539096
"main","DRSP","start",0,"normal",70,"21/7",NA,FALSE,2,600,12,0.02,0.0114770640602967,0.0346303919347854
"main","DRSP","start",1,"normal",70,"21/7",NA,FALSE,2,600,16,0.0266666666666667,0.0164796662531012,0.0428762972976048
"main","DRSP","start",2,"normal",70,"21/7",NA,FALSE,2,600,22,0.0366666666666667,0.0243367142864695,0.0548920105976723
"main","DRSP","start",3,"normal",70,"21/7",NA,FALSE,2,600,51,0.085,0.0652399783825213,0.110040426279894
"main","DRSP","start",4,"normal",70,"21/7",NA,FALSE,2,600,108,0.18,0.151324812219768,0.212746825110287
"main","DRSP","start",5,"normal",70,"21/7",NA,FALSE,2,600,166,0.276666666666667,0.242377793905057,0.313797202981543
"main","DRSP","start",6,"normal",70,"21/7",NA,FALSE,2,600,238,0.396666666666667,0.358298636321954,0.436349496565877
"main","DRSP","start",7,"normal",70,"21/7",NA,FALSE,2,600,314,0.523333333333333,0.483347196914396,0.563022579530287
"main","DRSP","mid",0,"normal",70,"21/7",NA,FALSE,2,600,8,0.0133333333333333,0.00677127274489821,0.0260876756945601
"main","DRSP","mid",1,"normal",70,"21/7",NA,FALSE,2,600,11,0.0183333333333333,0.0102671994372391,0.0325281296689371
"main","DRSP","mid",2,"normal",70,"21/7",NA,FALSE,2,600,18,0.03,0.019059099739023,0.0469211175894949
"main","DRSP","mid",3,"normal",70,"21/7",NA,FALSE,2,600,31,0.0516666666666667,0.0366345132166048,0.0724033536676907
"main","DRSP","mid",4,"normal",70,"21/7",NA,FALSE,2,600,51,0.085,0.0652399783825213,0.110040426279894
"main","DRSP","mid",5,"normal",70,"21/7",NA,FALSE,2,600,86,0.143333333333333,0.117560962654773,0.17364388311935
"main","DRSP","mid",6,"normal",70,"21/7",NA,FALSE,2,600,124,0.206666666666667,0.176182302205447,0.240883365347103
"main","DRSP","mid",7,"normal",70,"21/7",NA,FALSE,2,600,178,0.296666666666667,0.261503077821193,0.33441744173228
"main","DRSP","late",0,"normal",70,"21/7",NA,FALSE,2,600,8,0.0133333333333333,0.00677127274489821,0.0260876756945601
"main","DRSP","late",1,"normal",70,"21/7",NA,FALSE,2,600,11,0.0183333333333333,0.0102671994372391,0.0325281296689371
"main","DRSP","late",2,"normal",70,"21/7",NA,FALSE,2,600,21,0.035,0.0230041747798772,0.0529124232153586
"main","DRSP","late",3,"normal",70,"21/7",NA,FALSE,2,600,46,0.0766666666666667,0.0579681199394425,0.100751650278442
"main","DRSP","late",4,"normal",70,"21/7",NA,FALSE,2,600,87,0.145,0.119083649244594,0.175433323418436
"main","DRSP","late",5,"normal",70,"21/7",NA,FALSE,2,600,142,0.236666666666667,0.204399005069248,0.27228494648361
"main","DRSP","late",6,"normal",70,"21/7",NA,FALSE,2,600,240,0.4,0.361555907500611,0.439716479165032
"main","DRSP","late",7,"normal",70,"21/7",NA,FALSE,2,600,418,0.696666666666667,0.658727840834252,0.732103132056652
"main","ETG","mid",0,"normal",70,"continuous",NA,FALSE,2,600,5,0.00833333333333333,0.00356455134657281,0.0193580164261676
"main","ETG","mid",1,"normal",70,"continuous",NA,FALSE,2,600,154,0.256666666666667,0.22334092583304,0.293088548386689
"main","ETG","mid",2,"normal",70,"continuous",NA,FALSE,2,600,356,0.593333333333333,0.553555163151044,0.63192394262769
"main","ETG","mid",3,"normal",70,"continuous",NA,FALSE,2,600,484,0.806666666666667,0.773156440267509,0.836274907291189
"main","ETG","mid",4,"normal",70,"continuous",NA,FALSE,2,600,541,0.901666666666667,0.875223977600851,0.922998602625487
"main","ETG","mid",5,"normal",70,"continuous",NA,FALSE,2,600,569,0.948333333333333,0.927596646332309,0.963365486783395
"main","ETG","mid",6,"normal",70,"continuous",NA,FALSE,2,600,581,0.968333333333333,0.951072403964594,0.979635251817982
"main","ETG","mid",7,"normal",70,"continuous",NA,FALSE,2,600,590,0.983333333333333,0.96959442963705,0.990922368145679
"main","LNGP","mid",0,"normal",70,"continuous",NA,FALSE,2,600,287,0.478333333333333,0.438627533845072,0.51831481659915
"main","LNGP","mid",1,"normal",70,"continuous",NA,FALSE,2,600,463,0.771666666666667,0.736413095906651,0.803463586985021
"main","LNGP","mid",2,"normal",70,"continuous",NA,FALSE,2,600,507,0.845,0.81385566566984,0.871754600333694
"main","LNGP","mid",3,"normal",70,"continuous",NA,FALSE,2,600,516,0.86,0.829938815854799,0.88548059214889
"main","LNGP","mid",4,"normal",70,"continuous",NA,FALSE,2,600,521,0.868333333333333,0.838918736004102,0.893061306444116
"main","LNGP","mid",5,"normal",70,"continuous",NA,FALSE,2,600,522,0.87,0.840718857243367,0.894573312093757
"main","LNGP","mid",6,"normal",70,"continuous",NA,FALSE,2,600,523,0.871666666666667,0.842520408980987,0.896083887245044
"main","LNGP","mid",7,"normal",70,"continuous",NA,FALSE,2,600,524,0.873333333333333,0.844323414658553,0.897593008456383
"main","DRSPP","mid",0,"normal",70,"continuous",NA,FALSE,2,600,1,0.00166666666666667,0.000294260630547718,0.00937979958656883
"main","DRSPP","mid",1,"normal",70,"continuous",NA,FALSE,2,600,78,0.13,0.105426687906243,0.159281142756633
"main","DRSPP","mid",2,"normal",70,"continuous",NA,FALSE,2,600,244,0.406666666666667,0.36807605737231,0.446444836848956
"main","DRSPP","mid",3,"normal",70,"continuous",NA,FALSE,2,600,395,0.658333333333333,0.619484147466319,0.695167906979748
"main","DRSPP","mid",4,"normal",70,"continuous",NA,FALSE,2,600,483,0.805,0.771398441748624,0.834720778921167
"main","DRSPP","mid",5,"normal",70,"continuous",NA,FALSE,2,600,528,0.88,0.851550472839235,0.903614457831325
"main","DRSPP","mid",6,"normal",70,"continuous",NA,FALSE,2,600,555,0.925,0.901114351779758,0.943478004891263
"main","DRSPP","mid",7,"normal",70,"continuous",NA,FALSE,2,600,573,0.955,0.935318919436753,0.968891721234575
"weight","LNG","start",0,"normal",90,"21/7",NA,FALSE,2,250,5,0.02,0.00857219794465156,0.0459562954149869
"weight","LNG","start",1,"normal",90,"21/7",NA,FALSE,2,250,6,0.024,0.0110446266306315,0.05136279595101
"weight","LNG","start",2,"normal",90,"21/7",NA,FALSE,2,250,11,0.044,0.0247435416190691,0.0770585270725874
"weight","LNG","start",3,"normal",90,"21/7",NA,FALSE,2,250,24,0.096,0.0653614185464275,0.138866730031268
"weight","LNG","start",4,"normal",90,"21/7",NA,FALSE,2,250,42,0.168,0.126757887780638,0.219290986793112
"weight","LNG","start",5,"normal",90,"21/7",NA,FALSE,2,250,62,0.248,0.198550735698656,0.305076723315154
"weight","LNG","start",6,"normal",90,"21/7",NA,FALSE,2,250,85,0.34,0.284095618727583,0.400747212392297
"weight","LNG","start",7,"normal",90,"21/7",NA,FALSE,2,250,123,0.492,0.43061897403069,0.553623167525304
"weight","LNG","start",0,"normal",110,"21/7",NA,FALSE,2,250,3,0.012,0.00408924583977454,0.0346813890758579
"weight","LNG","start",1,"normal",110,"21/7",NA,FALSE,2,250,4,0.016,0.00623912365441226,0.0404104404832232
"weight","LNG","start",2,"normal",110,"21/7",NA,FALSE,2,250,17,0.068,0.042885557954576,0.106190086069099
"weight","LNG","start",3,"normal",110,"21/7",NA,FALSE,2,250,34,0.136,0.0989806874364439,0.184036753361282
"weight","LNG","start",4,"normal",110,"21/7",NA,FALSE,2,250,57,0.228,0.180340504146221,0.283892308757574
"weight","LNG","start",5,"normal",110,"21/7",NA,FALSE,2,250,82,0.328,0.272788509729653,0.388417533724217
"weight","LNG","start",6,"normal",110,"21/7",NA,FALSE,2,250,116,0.464,0.403192188780906,0.525897448221067
"weight","LNG","start",7,"normal",110,"21/7",NA,FALSE,2,250,137,0.548,0.486043508198779,0.608503642465257
"weight","DRSP","start",0,"normal",90,"21/7",NA,FALSE,2,250,8,0.032,0.0163021697310724,0.0618631112945751
"weight","DRSP","start",1,"normal",90,"21/7",NA,FALSE,2,250,12,0.048,0.027667926206036,0.0820130717076235
"weight","DRSP","start",2,"normal",90,"21/7",NA,FALSE,2,250,16,0.064,0.0397744007107773,0.101422314090894
"weight","DRSP","start",3,"normal",90,"21/7",NA,FALSE,2,250,33,0.132,0.0955574444426757,0.179581067133047
"weight","DRSP","start",4,"normal",90,"21/7",NA,FALSE,2,250,54,0.216,0.169491525423729,0.271104499814057
"weight","DRSP","start",5,"normal",90,"21/7",NA,FALSE,2,250,76,0.304,0.250301620050342,0.363630848071511
"weight","DRSP","start",6,"normal",90,"21/7",NA,FALSE,2,250,110,0.44,0.379835905587001,0.501980156082953
"weight","DRSP","start",7,"normal",90,"21/7",NA,FALSE,2,250,136,0.544,0.482059270103823,0.60460895133821
"weight","DRSP","start",0,"normal",110,"21/7",NA,FALSE,2,250,8,0.032,0.0163021697310724,0.0618631112945751
"weight","DRSP","start",1,"normal",110,"21/7",NA,FALSE,2,250,9,0.036,0.0190530626873619,0.0669911475602886
"weight","DRSP","start",2,"normal",110,"21/7",NA,FALSE,2,250,14,0.056,0.033647338194544,0.0917915181631215
"weight","DRSP","start",3,"normal",110,"21/7",NA,FALSE,2,250,33,0.132,0.0955574444426757,0.179581067133047
"weight","DRSP","start",4,"normal",110,"21/7",NA,FALSE,2,250,56,0.224,0.176717514060743,0.279636369621049
"weight","DRSP","start",5,"normal",110,"21/7",NA,FALSE,2,250,88,0.352,0.295443663529743,0.413035955256145
"weight","DRSP","start",6,"normal",110,"21/7",NA,FALSE,2,250,113,0.452,0.391496357534743,0.513956491801221
"weight","DRSP","start",7,"normal",110,"21/7",NA,FALSE,2,250,135,0.54,0.478078953908601,0.600710338311429
"weight","ETG","mid",0,"normal",90,"continuous",NA,FALSE,2,250,4,0.016,0.00623912365441226,0.0404104404832232
"weight","ETG","mid",1,"normal",90,"continuous",NA,FALSE,2,250,74,0.296,0.242845122480537,0.355329487197309
"weight","ETG","mid",2,"normal",90,"continuous",NA,FALSE,2,250,146,0.584,0.522079820769406,0.643377692892657
"weight","ETG","mid",3,"normal",90,"continuous",NA,FALSE,2,250,202,0.808,0.754660940820654,0.852016609273578
"weight","ETG","mid",4,"normal",90,"continuous",NA,FALSE,2,250,224,0.896,0.851978737086568,0.92803525589173
"weight","ETG","mid",5,"normal",90,"continuous",NA,FALSE,2,250,241,0.964,0.933008852439711,0.980946937312638
"weight","ETG","mid",6,"normal",90,"continuous",NA,FALSE,2,250,246,0.984,0.959589559516777,0.993760876345588
"weight","ETG","mid",7,"normal",90,"continuous",NA,FALSE,2,250,247,0.988,0.965318610924142,0.995910754160225
"weight","ETG","mid",0,"normal",110,"continuous",NA,FALSE,2,250,3,0.012,0.00408924583977454,0.0346813890758579
"weight","ETG","mid",1,"normal",110,"continuous",NA,FALSE,2,250,86,0.344,0.287873802444998,0.404847957896885
"weight","ETG","mid",2,"normal",110,"continuous",NA,FALSE,2,250,160,0.64,0.578793805358992,0.696968717411114
"weight","ETG","mid",3,"normal",110,"continuous",NA,FALSE,2,250,205,0.82,0.767647076612266,0.862667261147975
"weight","ETG","mid",4,"normal",110,"continuous",NA,FALSE,2,250,229,0.916,0.875004257077684,0.944404382010629
"weight","ETG","mid",5,"normal",110,"continuous",NA,FALSE,2,250,239,0.956,0.922941472927413,0.975256458380931
"weight","ETG","mid",6,"normal",110,"continuous",NA,FALSE,2,250,246,0.984,0.959589559516777,0.993760876345588
"weight","ETG","mid",7,"normal",110,"continuous",NA,FALSE,2,250,247,0.988,0.965318610924142,0.995910754160225
"weight","DRSPP","mid",0,"normal",90,"continuous",NA,FALSE,2,250,1,0.004,0.000706429356759337,0.0223063471148671
"weight","DRSPP","mid",1,"normal",90,"continuous",NA,FALSE,2,250,52,0.208,0.162293064618389,0.262545102175391
"weight","DRSPP","mid",2,"normal",90,"continuous",NA,FALSE,2,250,115,0.46,0.399289661688571,0.521921046091399
"weight","DRSPP","mid",3,"normal",90,"continuous",NA,FALSE,2,250,171,0.684,0.623954177284181,0.738476566927958
"weight","DRSPP","mid",4,"normal",90,"continuous",NA,FALSE,2,250,206,0.824,0.771992344231546,0.866200922750697
"weight","DRSPP","mid",5,"normal",90,"continuous",NA,FALSE,2,250,227,0.908,0.865737347031913,0.937913433612394
"weight","DRSPP","mid",6,"normal",90,"continuous",NA,FALSE,2,250,238,0.952,0.917986928292376,0.972332073793964
"weight","DRSPP","mid",7,"normal",90,"continuous",NA,FALSE,2,250,242,0.968,0.938136888705425,0.983697830268928
"weight","DRSPP","mid",0,"normal",110,"continuous",NA,FALSE,2,250,4,0.016,0.00623912365441226,0.0404104404832232
"weight","DRSPP","mid",1,"normal",110,"continuous",NA,FALSE,2,250,49,0.196,0.151549506811093,0.249651872316679
"weight","DRSPP","mid",2,"normal",110,"continuous",NA,FALSE,2,250,104,0.416,0.356622307107343,0.477920179230594
"weight","DRSPP","mid",3,"normal",110,"continuous",NA,FALSE,2,250,174,0.696,0.636369151928489,0.749698379949658
"weight","DRSPP","mid",4,"normal",110,"continuous",NA,FALSE,2,250,210,0.84,0.789462143201062,0.880246840669194
"weight","DRSPP","mid",5,"normal",110,"continuous",NA,FALSE,2,250,227,0.908,0.865737347031913,0.937913433612394
"weight","DRSPP","mid",6,"normal",110,"continuous",NA,FALSE,2,250,236,0.944,0.908208481836878,0.966352661805456
"weight","DRSPP","mid",7,"normal",110,"continuous",NA,FALSE,2,250,241,0.964,0.933008852439711,0.980946937312638
"regimen","LNG","start",0,"normal",70,"21/7",NA,FALSE,2,250,4,0.016,0.00623912365441226,0.0404104404832232
"regimen","LNG","start",1,"normal",70,"21/7",NA,FALSE,2,250,7,0.028,0.0136278848577735,0.056658466945871
"regimen","LNG","start",2,"normal",70,"21/7",NA,FALSE,2,250,10,0.04,0.0218696748769569,0.0720534645926966
"regimen","LNG","start",3,"normal",70,"21/7",NA,FALSE,2,250,28,0.112,0.0786337943203641,0.157110071145344
"regimen","LNG","start",4,"normal",70,"21/7",NA,FALSE,2,250,50,0.2,0.155123268802866,0.253957039546908
"regimen","LNG","start",5,"normal",70,"21/7",NA,FALSE,2,250,72,0.288,0.235408914546781,0.34700783668706
"regimen","LNG","start",6,"normal",70,"21/7",NA,FALSE,2,250,102,0.408,0.348916637287568,0.469867990606362
"regimen","LNG","start",7,"normal",70,"21/7",NA,FALSE,2,250,119,0.476,0.414923187597752,0.53780323707023
"regimen","LNG","start",0,"normal",70,"24/4",NA,FALSE,2,250,0,0,0,0.0151338472496234
"regimen","LNG","start",1,"normal",70,"24/4",NA,FALSE,2,250,0,0,0,0.0151338472496234
"regimen","LNG","start",2,"normal",70,"24/4",NA,FALSE,2,250,0,0,0,0.0151338472496234
"regimen","LNG","start",3,"normal",70,"24/4",NA,FALSE,2,250,0,0,0,0.0151338472496234
"regimen","LNG","start",4,"normal",70,"24/4",NA,FALSE,2,250,2,0.008,0.00219659111683783,0.0286951145767916
"regimen","LNG","start",5,"normal",70,"24/4",NA,FALSE,2,250,5,0.02,0.00857219794465156,0.0459562954149869
"regimen","LNG","start",6,"normal",70,"24/4",NA,FALSE,2,250,8,0.032,0.0163021697310724,0.0618631112945751
"regimen","LNG","start",7,"normal",70,"24/4",NA,FALSE,2,250,18,0.072,0.0460251930104809,0.110929380235197
"regimen","LNG","start",0,"normal",70,"26/2",NA,FALSE,2,250,0,0,0,0.0151338472496234
"regimen","LNG","start",1,"normal",70,"26/2",NA,FALSE,2,250,0,0,0,0.0151338472496234
"regimen","LNG","start",2,"normal",70,"26/2",NA,FALSE,2,250,0,0,0,0.0151338472496234
"regimen","LNG","start",3,"normal",70,"26/2",NA,FALSE,2,250,0,0,0,0.0151338472496234
"regimen","LNG","start",4,"normal",70,"26/2",NA,FALSE,2,250,0,0,0,0.0151338472496234
"regimen","LNG","start",5,"normal",70,"26/2",NA,FALSE,2,250,0,0,0,0.0151338472496234
"regimen","LNG","start",6,"normal",70,"26/2",NA,FALSE,2,250,1,0.004,0.000706429356759337,0.0223063471148671
"regimen","LNG","start",7,"normal",70,"26/2",NA,FALSE,2,250,2,0.008,0.00219659111683783,0.0286951145767916
"firstpack","LNG","start",0,"normal",70,"21/7",NA,FALSE,0,250,0,0,0,0.0151338472496234
"firstpack","LNG","start",1,"normal",70,"21/7",NA,FALSE,0,250,0,0,0,0.0151338472496234
"firstpack","LNG","start",2,"normal",70,"21/7",NA,FALSE,0,250,0,0,0,0.0151338472496234
"firstpack","LNG","start",3,"normal",70,"21/7",NA,FALSE,0,250,0,0,0,0.0151338472496234
"firstpack","LNG","start",4,"normal",70,"21/7",NA,FALSE,0,250,1,0.004,0.000706429356759337,0.0223063471148671
"firstpack","LNG","start",5,"normal",70,"21/7",NA,FALSE,0,250,1,0.004,0.000706429356759337,0.0223063471148671
"firstpack","LNG","start",6,"normal",70,"21/7",NA,FALSE,0,250,3,0.012,0.00408924583977454,0.0346813890758579
"firstpack","LNG","start",7,"normal",70,"21/7",NA,FALSE,0,250,6,0.024,0.0110446266306315,0.05136279595101
"scattered","LNG","mid",0,"normal",70,"21/7",NA,TRUE,2,250,4,0.016,0.00623912365441226,0.0404104404832232
"scattered","LNG","mid",1,"normal",70,"21/7",NA,TRUE,2,250,6,0.024,0.0110446266306315,0.05136279595101
"scattered","LNG","mid",2,"normal",70,"21/7",NA,TRUE,2,250,6,0.024,0.0110446266306315,0.05136279595101
"scattered","LNG","mid",3,"normal",70,"21/7",NA,TRUE,2,250,7,0.028,0.0136278848577735,0.056658466945871
"scattered","LNG","mid",4,"normal",70,"21/7",NA,TRUE,2,250,13,0.052,0.0306373616980938,0.0869225654375688
"scattered","LNG","mid",5,"normal",70,"21/7",NA,TRUE,2,250,21,0.084,0.0555956179893706,0.124995742922316
"scattered","LNG","mid",6,"normal",70,"21/7",NA,TRUE,2,250,25,0.1,0.0686544535410054,0.143452624258693
"scattered","LNG","mid",7,"normal",70,"21/7",NA,TRUE,2,250,35,0.14,0.102415663252984,0.188480706766745
"late","ETG","mid",0,"normal",70,"continuous",3,FALSE,2,250,5,0.02,0.00857219794465156,0.0459562954149869
"late","ETG","mid",0,"normal",70,"continuous",6,FALSE,2,250,7,0.028,0.0136278848577735,0.056658466945871
"late","ETG","mid",0,"normal",70,"continuous",12,FALSE,2,250,25,0.1,0.0686544535410054,0.143452624258693
"late","ETG","mid",0,"normal",70,"continuous",24,FALSE,2,250,64,0.256,0.205877337387858,0.313507980069958
"late","ETG","mid",0,"normal",70,"continuous",36,FALSE,2,250,114,0.456,0.39539104866179,0.517940729896177
"late","LNGP","mid",0,"normal",70,"continuous",3,FALSE,2,250,133,0.532,0.470130056649201,0.592901377126823
"late","LNGP","mid",0,"normal",70,"continuous",6,FALSE,2,250,144,0.576,0.514043811399931,0.635655843818126
"late","LNGP","mid",0,"normal",70,"continuous",12,FALSE,2,250,157,0.628,0.566571176189397,0.685554558914699
"late","LNGP","mid",0,"normal",70,"continuous",24,FALSE,2,250,183,0.732,0.673888351213004,0.783089543663171
"late","LNGP","mid",0,"normal",70,"continuous",36,FALSE,2,250,200,0.8,0.746042960453092,0.844876731197134
"late","DRSPP","mid",0,"normal",70,"continuous",3,FALSE,2,250,0,0,0,0.0151338472496234
"late","DRSPP","mid",0,"normal",70,"continuous",6,FALSE,2,250,2,0.008,0.00219659111683783,0.0286951145767916
"late","DRSPP","mid",0,"normal",70,"continuous",12,FALSE,2,250,13,0.052,0.0306373616980938,0.0869225654375688
"late","DRSPP","mid",0,"normal",70,"continuous",24,FALSE,2,250,38,0.152,0.112787041662323,0.201746116023415
"late","DRSPP","mid",0,"normal",70,"continuous",36,FALSE,2,250,68,0.272,0.220599355236798,0.33030167910903
"cyp","LNG","start",0,"induced",70,"21/7",NA,FALSE,2,250,73,0.292,0.239124452762519,0.351171227693325
"cyp","LNG","start",1,"induced",70,"21/7",NA,FALSE,2,250,79,0.316,0.261523433072042,0.376045822715819
"cyp","LNG","start",2,"induced",70,"21/7",NA,FALSE,2,250,89,0.356,0.299235270144164,0.417123277863727
"cyp","LNG","start",3,"induced",70,"21/7",NA,FALSE,2,250,97,0.388,0.329724199446202,0.449665782337714
"cyp","LNG","start",4,"induced",70,"21/7",NA,FALSE,2,250,111,0.444,0.383718776205658,0.5059762146863
"cyp","LNG","start",5,"induced",70,"21/7",NA,FALSE,2,250,126,0.504,0.442431551824246,0.565447377397757
"cyp","LNG","start",6,"induced",70,"21/7",NA,FALSE,2,250,137,0.548,0.486043508198779,0.608503642465257
"cyp","LNG","start",7,"induced",70,"21/7",NA,FALSE,2,250,147,0.588,0.526103884300179,0.647232558583888
"cyp","LNG","start",0,"inhibited",70,"21/7",NA,FALSE,2,250,0,0,0,0.0151338472496234
"cyp","LNG","start",1,"inhibited",70,"21/7",NA,FALSE,2,250,1,0.004,0.000706429356759337,0.0223063471148671
"cyp","LNG","start",2,"inhibited",70,"21/7",NA,FALSE,2,250,1,0.004,0.000706429356759337,0.0223063471148671
"cyp","LNG","start",3,"inhibited",70,"21/7",NA,FALSE,2,250,4,0.016,0.00623912365441226,0.0404104404832232
"cyp","LNG","start",4,"inhibited",70,"21/7",NA,FALSE,2,250,10,0.04,0.0218696748769569,0.0720534645926966
"cyp","LNG","start",5,"inhibited",70,"21/7",NA,FALSE,2,250,20,0.08,0.0523819220708941,0.120330509618789
"cyp","LNG","start",6,"inhibited",70,"21/7",NA,FALSE,2,250,25,0.1,0.0686544535410054,0.143452624258693
"cyp","LNG","start",7,"inhibited",70,"21/7",NA,FALSE,2,250,51,0.204,0.158704508175768,0.258254729396009
"cyp","DRSP","start",0,"induced",70,"21/7",NA,FALSE,2,250,66,0.264,0.213227100682358,0.321916075219464
"cyp","DRSP","start",1,"induced",70,"21/7",NA,FALSE,2,250,75,0.3,0.246570864039384,0.359482674860465
"cyp","DRSP","start",2,"induced",70,"21/7",NA,FALSE,2,250,82,0.328,0.272788509729653,0.388417533724217
"cyp","DRSP","start",3,"induced",70,"21/7",NA,FALSE,2,250,88,0.352,0.295443663529743,0.413035955256145
"cyp","DRSP","start",4,"induced",70,"21/7",NA,FALSE,2,250,107,0.428,0.368211108298826,0.48996816570512
"cyp","DRSP","start",5,"induced",70,"21/7",NA,FALSE,2,250,121,0.484,0.422763314468589,0.545720968643399
"cyp","DRSP","start",6,"induced",70,"21/7",NA,FALSE,2,250,130,0.52,0.458235953994117,0.581158692115898
"cyp","DRSP","start",7,"induced",70,"21/7",NA,FALSE,2,250,144,0.576,0.514043811399931,0.635655843818126
"cyp","DRSP","start",0,"inhibited",70,"21/7",NA,FALSE,2,250,0,0,0,0.0151338472496234
"cyp","DRSP","start",1,"inhibited",70,"21/7",NA,FALSE,2,250,1,0.004,0.000706429356759337,0.0223063471148671
"cyp","DRSP","start",2,"inhibited",70,"21/7",NA,FALSE,2,250,3,0.012,0.00408924583977454,0.0346813890758579
"cyp","DRSP","start",3,"inhibited",70,"21/7",NA,FALSE,2,250,7,0.028,0.0136278848577735,0.056658466945871
"cyp","DRSP","start",4,"inhibited",70,"21/7",NA,FALSE,2,250,11,0.044,0.0247435416190691,0.0770585270725874
"cyp","DRSP","start",5,"inhibited",70,"21/7",NA,FALSE,2,250,22,0.088,0.0588309210410259,0.129639369092664
"cyp","DRSP","start",6,"inhibited",70,"21/7",NA,FALSE,2,250,34,0.136,0.0989806874364439,0.184036753361282
"cyp","DRSP","start",7,"inhibited",70,"21/7",NA,FALSE,2,250,62,0.248,0.198550735698656,0.305076723315154
"cyp","ETG","mid",0,"induced",70,"continuous",NA,FALSE,2,250,57,0.228,0.180340504146221,0.283892308757574
"cyp","ETG","mid",1,"induced",70,"continuous",NA,FALSE,2,250,191,0.764,0.707615200675063,0.812394127977136
"cyp","ETG","mid",2,"induced",70,"continuous",NA,FALSE,2,250,225,0.9,0.856547375741307,0.931345546458995
"cyp","ETG","mid",3,"induced",70,"continuous",NA,FALSE,2,250,233,0.932,0.893809913930901,0.957114442045424
"cyp","ETG","mid",4,"induced",70,"continuous",NA,FALSE,2,250,235,0.94,0.903376297214685,0.963305917205646
"cyp","ETG","mid",5,"induced",70,"continuous",NA,FALSE,2,250,235,0.94,0.903376297214685,0.963305917205646
"cyp","ETG","mid",6,"induced",70,"continuous",NA,FALSE,2,250,235,0.94,0.903376297214685,0.963305917205646
"cyp","ETG","mid",7,"induced",70,"continuous",NA,FALSE,2,250,236,0.944,0.908208481836878,0.966352661805456
"cyp","ETG","mid",0,"inhibited",70,"continuous",NA,FALSE,2,250,0,0,0,0.0151338472496234
"cyp","ETG","mid",1,"inhibited",70,"continuous",NA,FALSE,2,250,20,0.08,0.0523819220708941,0.120330509618789
"cyp","ETG","mid",2,"inhibited",70,"continuous",NA,FALSE,2,250,80,0.32,0.265273715295609,0.380174469714255
"cyp","ETG","mid",3,"inhibited",70,"continuous",NA,FALSE,2,250,136,0.544,0.482059270103823,0.60460895133821
"cyp","ETG","mid",4,"inhibited",70,"continuous",NA,FALSE,2,250,178,0.712,0.65299216331294,0.764591085453219
"cyp","ETG","mid",5,"inhibited",70,"continuous",NA,FALSE,2,250,201,0.804,0.750348127683322,0.848450493188908
"cyp","ETG","mid",6,"inhibited",70,"continuous",NA,FALSE,2,250,220,0.88,0.833860938248865,0.914637337841421
"cyp","ETG","mid",7,"inhibited",70,"continuous",NA,FALSE,2,250,235,0.94,0.903376297214685,0.963305917205646
"cyp","DRSPP","mid",0,"induced",70,"continuous",NA,FALSE,2,250,120,0.48,0.418841307884102,0.541764046005883
"cyp","DRSPP","mid",1,"induced",70,"continuous",NA,FALSE,2,250,220,0.88,0.833860938248865,0.914637337841421
"cyp","DRSPP","mid",2,"induced",70,"continuous",NA,FALSE,2,250,233,0.932,0.893809913930901,0.957114442045424
"cyp","DRSPP","mid",3,"induced",70,"continuous",NA,FALSE,2,250,235,0.94,0.903376297214685,0.963305917205646
"cyp","DRSPP","mid",4,"induced",70,"continuous",NA,FALSE,2,250,236,0.944,0.908208481836878,0.966352661805456
"cyp","DRSPP","mid",5,"induced",70,"continuous",NA,FALSE,2,250,236,0.944,0.908208481836878,0.966352661805456
"cyp","DRSPP","mid",6,"induced",70,"continuous",NA,FALSE,2,250,236,0.944,0.908208481836878,0.966352661805456
"cyp","DRSPP","mid",7,"induced",70,"continuous",NA,FALSE,2,250,236,0.944,0.908208481836878,0.966352661805456
"cyp","DRSPP","mid",0,"inhibited",70,"continuous",NA,FALSE,2,250,0,0,0,0.0151338472496234
"cyp","DRSPP","mid",1,"inhibited",70,"continuous",NA,FALSE,2,250,1,0.004,0.000706429356759337,0.0223063471148671
"cyp","DRSPP","mid",2,"inhibited",70,"continuous",NA,FALSE,2,250,14,0.056,0.033647338194544,0.0917915181631215
"cyp","DRSPP","mid",3,"inhibited",70,"continuous",NA,FALSE,2,250,46,0.184,0.140874814959032,0.23668977650273
"cyp","DRSPP","mid",4,"inhibited",70,"continuous",NA,FALSE,2,250,83,0.332,0.276552932585463,0.392532040090411
"cyp","DRSPP","mid",5,"inhibited",70,"continuous",NA,FALSE,2,250,121,0.484,0.422763314468589,0.545720968643399
"cyp","DRSPP","mid",6,"inhibited",70,"continuous",NA,FALSE,2,250,150,0.6,0.538200516767709,0.658772713782367
"cyp","DRSPP","mid",7,"inhibited",70,"continuous",NA,FALSE,2,250,174,0.696,0.636369151928489,0.749698379949658
