"drug","position","guideline_max","model_max","model_ci","verdict"
"LNG","start",2,2,"1-2","consistent with the generic rule (within bootstrap CI)"
"LNG","mid",2,2,"1-2","consistent with the generic rule (within bootstrap CI)"
"LNG","late",2,2,"1-2","consistent with the generic rule (within bootstrap CI)"
"DRSP","start",2,2,"1-2","consistent with the generic rule (within bootstrap CI)"
"DRSP","mid",2,2,"2-3","consistent with the generic rule (within bootstrap CI)"
"DRSP","late",2,2,"2-2","consistent with the generic rule (within bootstrap CI)"
"ETG","mid",1,0,"0-0","ovulation surrogate tolerates fewer than the generic rule"
"LNGP","mid",1,-1,"-1--1","ovulation not reliably suppressed at perfect use (ovulation surrogate undefined; mucus arm carries residual cover)"
"DRSPP","mid",1,0,"0-0","ovulation surrogate tolerates fewer than the generic rule"
